奶粉专区,婴儿奶粉,https://www.mia.com/s/cat13_tid1013.html
奶粉专区,成长奶粉,https://www.mia.com/s/cat15_tid1014.html
奶粉专区,羊奶粉,https://www.mia.com/s/cat156_tid1015.html
奶粉专区,特配奶粉,https://www.mia.com/s/cat17_tid1016.html
奶粉专区,妈妈奶粉,https://www.mia.com/s/cat19_tid1017.html
奶粉专区,成人奶粉,https://www.mia.com/s/cat253_tid1022.html
屁屁护理,纸尿裤,https://www.mia.com/s/cat18_tid694.html
屁屁护理,拉拉裤,https://www.mia.com/s/cat16_tid692.html
屁屁护理,隔尿垫/布尿裤,https://www.mia.com/s/cat25_tid696.html
屁屁护理,宝宝湿巾,https://www.mia.com/s/cat23_tid695.html
全球奶粉大牌,德国爱他美,https://www.miyabaobei.com/s/cat12_b163_tid198.html
全球奶粉大牌,德国Hipp,https://www.miyabaobei.com/s/cat12_b661_tid199.html
全球奶粉大牌,德国Topfer,https://www.miyabaobei.com/s/cat12_b516_tid200.html
全球奶粉大牌,荷兰Nutrilon,https://www.miyabaobei.com/s/cat12_b175_tid201.html
全球奶粉大牌,荷兰Herobaby,https://www.miyabaobei.com/s/cat12_b189_tid202.html
全球奶粉大牌,英国Cow&Gate,https://www.miyabaobei.com/s/cat12_b265_tid208.html
全球奶粉大牌,澳洲Aptamil,https://www.miyabaobei.com/s/cat12_b517_tid204.html
全球奶粉大牌,德国holle,https://www.miyabaobei.com/s/cat12_b1814_tid205.html
全球奶粉大牌,英国Aptamil,https://www.miyabaobei.com/s/cat12_b267_tid207.html
全球奶粉大牌,授权行货惠氏启赋,https://www.miyabaobei.com/s/cat12_b524_tid213.html
全球奶粉大牌,港版美赞臣,https://www.miyabaobei.com/s/cat12_b1800_tid670.html
全球奶粉大牌,授权行货爱他美,https://www.miyabaobei.com/s/cat12_b526_tid210.html
全球奶粉大牌,授权行货诺优能,https://www.miyabaobei.com/s/cat12_b173_tid211.html
全球奶粉大牌,授权行货 喜宝,https://www.mia.com/formulasList/b1898.html
全球奶粉大牌,美国MeadJohnson,https://www.miyabaobei.com/s/cat12_b243_tid516.html
全球纸尿裤大牌,尤妮佳,https://www.mia.com/s/b8.html
全球纸尿裤大牌,花王,https://www.mia.com/s/b1_tid698.html
全球纸尿裤大牌,GOON大王天使,https://www.mia.com/s/b182.html
全球纸尿裤大牌,GOON大王维E,https://www.mia.com/s/b181.html
全球纸尿裤大牌,Pampers帮宝适,https://www.mia.com/s/b425.html
全球纸尿裤大牌,Pampers care帮宝适棉柔,https://www.mia.com/s/b425.html
全球纸尿裤大牌,Huggies Gold好奇金装,https://www.mia.com/s/b525.html
全球纸尿裤大牌,Huggies platinum好奇铂金装,https://www.mia.com/s/b1206.html
全球纸尿裤大牌,Mamypoko 妈咪宝贝,https://www.mia.com/s/b1357.html
全球纸尿裤大牌,Libero丽贝乐,https://www.mia.com/s/b88.html
全球纸尿裤大牌,Bella Baby Happy贝拉宝贝,https://www.mia.com/s/b707.html
全球纸尿裤大牌,BioFities爱婴舒坦,https://www.mia.com/s/b1866.html
全球纸尿裤大牌,BAMBO班博,https://www.mia.com/s/b53.html
宝宝食品,果汁/饮品,https://www.mia.com/s/cat10_tid1002.html
宝宝食品,糖果/零食,https://www.mia.com/s/cat11_tid1003.html
宝宝食品,面条/粥,https://www.mia.com/s/cat2_tid1004.html
宝宝食品,米粉,https://www.mia.com/s/cat277_tid1005.html
宝宝食品,果泥/肉泥,https://www.mia.com/s/cat3_tid1006.html
宝宝食品,溶豆/泡芙,https://www.mia.com/s/cat360_tid1007.html
宝宝食品,海苔/肉松,https://www.mia.com/s/cat4_tid1008.html
宝宝食品,鱼肠/肉肠,https://www.mia.com/s/cat5_tid1009.html
宝宝食品,磨牙饼干,https://www.mia.com/s/cat6_tid1010.html
宝宝食品,奶酪/奶制品,https://www.mia.com/s/cat7_tid1011.html
宝宝食品,食用油/调味品,https://www.mia.com/s/cat9_tid1012.html
宝宝营养,鱼油/DHA,https://www.mia.com/s/cat157_tid721.html
宝宝营养,钙铁锌,https://www.mia.com/s/cat29_tid722.html
宝宝营养,VD/维生素,https://www.mia.com/s/cat31_tid723.html
宝宝营养,益生菌,https://www.mia.com/s/cat32_tid724.html
宝宝营养,免疫力,https://www.mia.com/s/cat33_tid725.html
宝宝用品,日用护理,https://www.mia.com/s/cat154_tid1039.html
宝宝用品,理发/梳发,https://www.mia.com/s/cat60_tid1042.html
宝宝用品,唇部护理,https://www.mia.com/s/cat268_tid1041.html
宝宝用品,浴盆及洗澡周边,https://www.mia.com/s/cat149_tid1037.html
宝宝用品,医护/退热,https://www.mia.com/s/cat150_tid1038.html
宝宝用品,坐便器,https://www.mia.com/s/cat26_tid1040.html
宝宝用品,口腔护理,https://www.mia.com/s/cat61_tid1043.html
宝宝用品,鼻腔护理,https://www.mia.com/s/cat62_tid1044.html
喂养用品,奶瓶,https://www.mia.com/s/cat44_tid992.html
喂养用品,奶嘴/安抚奶嘴,https://www.mia.com/s/cat45_tid993.html
喂养用品,碗碟餐具,https://www.mia.com/s/cat46_tid994.html
喂养用品,食物研磨及制作,https://www.mia.com/s/cat47_tid995.html
喂养用品,食物储存,https://www.mia.com/s/cat48_tid996.html
喂养用品,学饮杯/水壶,https://www.mia.com/s/cat49_tid997.html
喂养用品,消毒/暖奶/加热,https://www.mia.com/s/cat50_tid998.html
喂养用品,围兜/防溅衣,https://www.mia.com/s/cat51_tid999.html
喂养用品,辅助配件,https://www.mia.com/s/cat52_tid1000.html
喂养用品,餐椅,https://www.mia.com/s/cat53_tid1001.html
宝宝洗护,套装/礼盒,https://www.mia.com/s/cat55_tid511.html
宝宝洗护,洗发沐浴,https://www.mia.com/s/cat56_tid512.html
宝宝洗护,乳液/抚触油,https://www.mia.com/s/cat57_tid513.html
宝宝洗护,面霜/万用霜,https://www.mia.com/s/cat58_tid514.html
宝宝洗护,爽身/防晒,https://www.mia.com/s/cat59_tid515.html
宝宝洗护,唇部护理,https://www.mia.com/s/cat268_tid510.html
宝宝洗护,驱蚊/驱虫,https://www.mia.com/s/cat152_tid508.html
宝宝洗护,屁屁霜/护臀霜,https://www.mia.com/s/cat24_tid509.html
宝宝洗护,洗澡用品,https://www.mia.com/s/cat149_tid663.html
宝宝洗护,口腔护理,https://www.mia.com/s/cat61_tid668.html
宝宝洗护,鼻腔护理,https://www.mia.com/s/cat62_tid669.html
宝宝洗护,理发/梳发,https://www.mia.com/s/cat60_tid667.html
宝宝洗护,如厕训练,https://www.mia.com/s/cat26_tid666.html
宝宝洗护,医护用品,https://www.mia.com/s/cat150_tid664.html
宝宝洗护,日用配件,https://www.mia.com/s/cat154_tid665.html
孕产待产,孕妇装/孕妇裙,https://www.mia.com/s/cat128_tid951.html
孕产待产,孕妇裤/托腹裤,https://www.mia.com/s/cat348_tid957.html
孕产待产,哺乳文胸/内裤,https://www.mia.com/s/cat127_tid950.html
孕产待产,待产/月子用品,https://www.mia.com/s/cat260_tid954.html
孕产待产,月子服/哺乳装,https://www.mia.com/s/cat349_tid958.html
孕产待产,塑身衣/矫正带,https://www.mia.com/s/cat229_tid953.html
孕产待产,防辐射服,https://www.mia.com/s/cat261_tid955.html
孕产待产,早孕检测,https://www.mia.com/s/cat350_tid959.html
孕产待产,孕期营养,https://www.mia.com/s/cat126_tid949.html
孕产待产,孕妇枕/护腰枕,https://www.mia.com/s/cat354_tid963.html
孕产待产,孕期智能/胎心仪,https://www.mia.com/s/cat353_tid962.html
孕产待产,孕妇鞋袜/月子鞋帽,https://www.mia.com/s/cat351_tid960.html
孕产待产,月子营养,https://www.mia.com/s/cat352_tid961.html
孕期护肤,孕期面部护理,https://www.mia.com/s/cat342_tid964.html
孕期护肤,除疤祛纹,https://www.mia.com/s/cat346_tid968.html
孕期护肤,乳房护理,https://www.mia.com/s/cat347_tid969.html
孕期护肤,孕期身体护理,https://www.mia.com/s/cat343_tid965.html
孕期护肤,孕期口腔护理,https://www.mia.com/s/cat345_tid967.html
孕期护肤,孕期洗发沐浴,https://www.mia.com/s/cat344_tid966.html
母乳喂养,吸奶器,https://www.mia.com/s/cat37_tid943.html
母乳喂养,防溢乳垫,https://www.mia.com/s/cat40_tid946.html
母乳喂养,母乳储存,https://www.mia.com/s/cat38_tid944.html
母乳喂养,矫正器/配件,https://www.mia.com/s/cat42_tid948.html
母乳喂养,哺乳枕,https://www.mia.com/s/cat41_tid947.html
母乳喂养,催奶回奶,https://www.mia.com/s/cat39_tid945.html
母乳喂养,哺乳巾,https://www.mia.com/s/cat355_tid942.html
婴幼儿服,新生儿礼盒,https://www.mia.com/s/cat183_tid742.html
婴幼儿服,婴儿内衣,https://www.mia.com/s/cat64_tid767.html
婴幼儿服,连身衣/爬服,https://www.mia.com/s/cat228_tid743.html
婴幼儿服,护脐带/肚兜,https://www.mia.com/s/cat310_tid750.html
婴幼儿服,罩衣/围嘴,https://www.mia.com/s/cat66_tid784.html
婴幼儿服,斗篷/披风,https://www.mia.com/s/cat65_tid785.html
婴幼儿服,手套/脚套/帽子,https://www.mia.com/s/cat308_tid748.html
婴幼儿服,婴儿家居,https://www.mia.com/s/cat267_tid747.html
童装,连衣裙/半身裙,https://www.mia.com/s/cat71_tid820.html
童装,T恤/POLO衫,https://www.mia.com/s/cat313_tid799.html
童装,衬衫,https://www.mia.com/s/cat68_tid817.html
童装,牛仔裤,https://www.mia.com/s/cat315_tid801.html
童装,休闲裤,https://www.mia.com/s/cat316_tid802.html
童装,吊带/背心,https://www.mia.com/s/cat314_tid800.html
童装,背带裤/连体裤,https://www.mia.com/s/cat317_tid803.html
童装,亲子装,https://www.mia.com/s/cat325_tid810.html
童装,套装,https://www.mia.com/s/cat318_tid804.html
童装,家居服/睡衣,https://www.mia.com/s/cat321_tid806.html
童装,打底裤/袜品,https://www.mia.com/s/cat79_tid826.html
童装,帽子/围巾/手套,https://www.mia.com/s/cat323_tid808.html
童装,泳衣/泳帽,https://www.mia.com/s/cat82_tid829.html
童装,雨衣/雨具,https://www.mia.com/s/cat327_tid812.html
童装,内衣/内裤,https://www.mia.com/s/cat319_tid805.html
童装,配饰/发饰,https://www.mia.com/s/cat80_tid827.html
童装,太阳镜,https://www.mia.com/s/cat322_tid807.html
童装,风衣/外套,https://www.mia.com/s/cat312_tid798.html
童装,西服/皮衣/夹克,https://www.mia.com/s/cat311_tid797.html
童装,毛衣/针织衫,https://www.mia.com/s/cat69_tid818.html
童装,卫衣/绒衫,https://www.mia.com/s/cat72_tid821.html
童装,马甲/坎肩,https://www.mia.com/s/cat67_tid816.html
童装,棉袄/棉服,https://www.mia.com/s/cat73_tid831.html
童装,礼服/演出配饰,https://www.mia.com/s/cat324_tid830.html
童装,羽绒服,https://www.mia.com/s/cat309_tid832.html
童装,成人鞋服,https://www.mia.com/s/cat78_tid833.html
童鞋,学步鞋/机能鞋,https://www.mia.com/s/cat239_tid834.html
童鞋,运动鞋,https://www.mia.com/s/cat240_tid835.html
童鞋,休闲/帆布鞋,https://www.mia.com/s/cat76_tid836.html
童鞋,皮鞋/公主鞋,https://www.mia.com/s/cat178_tid837.html
童鞋,凉鞋,https://www.mia.com/s/cat241_tid838.html
童鞋,家居鞋/拖鞋,https://www.mia.com/s/cat326_tid839.html
童鞋,雨鞋,https://www.mia.com/s/cat81_tid840.html
童鞋,棉鞋/雪地靴,https://www.mia.com/s/cat77_tid841.html
宝宝寝居,包巾/睡袋,https://www.mia.com/s/cat330_tid1061.html
宝宝寝居,宝宝浴巾,https://www.mia.com/s/cat331_tid1062.html
宝宝寝居,婴童枕,https://www.mia.com/s/cat332_tid1063.html
宝宝寝居,床围/床垫/尿垫,https://www.mia.com/s/cat333_tid1064.html
宝宝寝居,被褥/毛毯/套件,https://www.mia.com/s/cat334_tid1065.html
宝宝寝居,凉席/蚊帐,https://www.mia.com/s/cat335_tid1066.html
宝宝寝居,宝宝床/摇椅,https://www.mia.com/s/cat337_tid1067.html
宝宝寝居,家具收纳,https://www.mia.com/s/cat338_tid1068.html
宝宝寝居,安全防护,https://www.mia.com/s/cat339_tid1069.html
宝宝寝居,装饰小物,https://www.mia.com/s/cat340_tid1070.html
玩具,学步车/摇马,https://www.mia.com/s/cat164_tid842.html
玩具,益智,https://www.mia.com/s/cat255_tid843.html
玩具,早教,https://www.mia.com/s/cat257_tid844.html
玩具,DIY手工,https://www.mia.com/s/cat258_tid845.html
玩具,绘画工具,https://www.mia.com/s/cat259_tid846.html
玩具,其他,https://www.mia.com/s/cat291_tid847.html
玩具,摇铃/车床挂,https://www.mia.com/s/cat84_tid848.html
玩具,毛绒/安抚,https://www.mia.com/s/cat85_tid849.html
玩具,音乐玩具,https://www.mia.com/s/cat86_tid850.html
玩具,牙胶/咬咬胶,https://www.mia.com/s/cat87_tid851.html
玩具,爬行垫/游戏垫,https://www.mia.com/s/cat88_tid852.html
玩具,健身架/球类,https://www.mia.com/s/cat89_tid853.html
玩具,积木/拼插,https://www.mia.com/s/cat91_tid854.html
玩具,模型玩具,https://www.mia.com/s/cat92_tid855.html
玩具,户外运动,https://www.mia.com/s/cat94_tid856.html
玩具,戏水/游泳装备,https://www.mia.com/s/cat95_tid857.html
玩具,挖沙玩具,https://www.mia.com/s/cat96_tid858.html
玩具,遥控玩具,https://www.mia.com/s/cat97_tid859.html
玩具,布书,https://www.mia.com/s/cat98_tid860.html
书籍,中文绘本,https://www.mia.com/s/cat292_tid861.html
书籍,手工/玩具书,https://www.mia.com/s/cat293_tid862.html
书籍,有声读物,https://www.mia.com/s/cat294_tid863.html
书籍,原版进口,https://www.mia.com/s/cat328_tid931.html
书籍,卡通/动漫,https://www.mia.com/s/cat295_tid864.html
书籍,科普/百科,https://www.mia.com/s/cat296_tid865.html
书籍,儿童文学,https://www.mia.com/s/cat297_tid866.html
书籍,启蒙/教育,https://www.mia.com/s/cat298_tid867.html
书籍,孕产/育儿,https://www.mia.com/s/cat299_tid868.html
书籍,期刊/杂志,https://www.mia.com/s/cat300_tid869.html
书籍,生活休闲,https://www.mia.com/s/cat301_tid870.html
出行装备,安全座椅,https://www.mia.com/s/cat109_tid871.html
出行装备,腰凳背带,https://www.mia.com/s/cat115_tid873.html
出行装备,出行箱包,https://www.mia.com/s/cat114_tid872.html
出行装备,出行配件,https://www.mia.com/s/cat116_tid874.html
出行装备,电动车,https://www.mia.com/s/cat230_tid875.html
出行装备,推车/伞车,https://www.mia.com/s/cat233_tid876.html
出行装备,三轮车,https://www.mia.com/s/cat234_tid877.html
出行装备,滑板车,https://www.mia.com/s/cat235_tid878.html
出行装备,自行车,https://www.mia.com/s/cat245_tid879.html
面部护肤,防晒/隔离,https://www.mia.com/s/cat175_tid980.html
面部护肤,洁面,https://www.mia.com/s/cat195_tid981.html
面部护肤,化妆水/爽肤水,https://www.mia.com/s/cat196_tid982.html
面部护肤,面膜,https://www.mia.com/s/cat197_tid983.html
面部护肤,乳液/面霜,https://www.mia.com/s/cat198_tid984.html
面部护肤,眼部护理,https://www.mia.com/s/cat199_tid985.html
面部护肤,唇部护理,https://www.mia.com/s/cat200_tid986.html
面部护肤,套装礼盒,https://www.mia.com/s/cat201_tid987.html
面部护肤,男士护肤,https://www.mia.com/s/cat203_tid989.html
面部护肤,美容仪器/工具,https://www.mia.com/s/cat371_tid990.html
个人护理,手足保养,https://www.mia.com/s/cat209_tid608.html
个人护理,美体塑身,https://www.mia.com/s/cat210_tid609.html
个人护理,美容工具/防晒伞,https://www.mia.com/s/cat216_tid610.html
个人护理,口腔护理,https://www.mia.com/s/cat134_tid614.html
个人护理,洗发护发,https://www.mia.com/s/cat222_tid611.html
个人护理,沐浴护肤,https://www.mia.com/s/cat223_tid612.html
个人护理,私密护理,https://www.mia.com/s/cat135_tid607.html
个人护理,卫生巾,https://www.mia.com/s/cat270_tid613.html
彩妆,卸妆,https://www.mia.com/s/cat366_tid975.html
彩妆,底妆遮瑕,https://www.mia.com/s/cat367_tid976.html
彩妆,眼部彩妆,https://www.mia.com/s/cat368_tid977.html
彩妆,口红/唇彩,https://www.mia.com/s/cat369_tid978.html
彩妆,香水,https://www.mia.com/s/cat370_tid979.html
熟女轻奢,包袋,https://www.mia.com/s/cat303_tid970.html
熟女轻奢,服装,https://www.mia.com/s/cat304_tid971.html
熟女轻奢,墨镜,https://www.mia.com/s/cat305_tid972.html
熟女轻奢,鞋靴,https://www.mia.com/s/cat306_tid973.html
熟女轻奢,配饰,https://www.mia.com/s/cat307_tid974.html
休闲食品,饼干/糕点,https://www.mia.com/s/cat167_tid1045.html
休闲食品,干果/果干,https://www.mia.com/s/cat168_tid1046.html
休闲食品,糖果/巧克力,https://www.mia.com/s/cat169_tid1047.html
休闲食品,冲调/饮品,https://www.mia.com/s/cat170_tid1048.html
休闲食品,休闲零食,https://www.mia.com/s/cat171_tid1049.html
休闲食品,面食/调味/油,https://www.mia.com/s/cat184_tid1050.html
休闲食品,地方特产,https://www.mia.com/s/cat357_tid1052.html
营养健康,鱼油/卵磷脂,https://www.mia.com/s/cat129_tid888.html
营养健康,钙+维生素D,https://www.mia.com/s/cat205_tid889.html
营养健康,胶原蛋白,https://www.mia.com/s/cat206_tid890.html
营养健康,综合维生素,https://www.mia.com/s/cat207_tid891.html
营养健康,酵素,https://www.mia.com/s/cat263_tid893.html
营养健康,男士保健,https://www.mia.com/s/cat238_tid892.html
营养健康,蔓越莓/葡萄籽,https://www.mia.com/s/cat264_tid894.html
营养健康,滋补养生,https://www.mia.com/s/cat265_tid895.html
营养健康,瘦身代餐,https://www.mia.com/s/cat266_tid896.html
营养健康,益生菌,https://www.mia.com/s/cat271_tid897.html
清洁消毒,奶瓶清洁,https://www.mia.com/s/cat118_tid1053.html
清洁消毒,餐具清洁,https://www.mia.com/s/cat119_tid1054.html
清洁消毒,洗衣粉/皂/液,https://www.mia.com/s/cat120_tid1055.html
清洁消毒,果蔬清洁,https://www.mia.com/s/cat121_tid1056.html
清洁消毒,洗手液,https://www.mia.com/s/cat123_tid1058.html
清洁消毒,消毒液/柔顺剂,https://www.mia.com/s/cat124_tid1059.html
清洁消毒,宝宝湿巾,https://www.mia.com/s/cat23_tid1060.html
家居生活,拖鞋,https://www.mia.com/s/cat138_tid1072.html
家居生活,枕头/枕巾,https://www.mia.com/s/cat141_tid1073.html
家居生活,锅具,https://www.mia.com/s/cat142_tid1074.html
家居生活,床上用品,https://www.mia.com/s/cat143_tid1075.html
家居生活,生活电器,https://www.mia.com/s/cat144_tid1076.html
家居生活,家庭清洁,https://www.mia.com/s/cat145_tid1077.html
家居生活,厨房小件,https://www.mia.com/s/cat147_tid1078.html
家居生活,居家杂件,https://www.mia.com/s/cat151_tid1079.html
家居生活,家居纸品,https://www.mia.com/s/cat174_tid1080.html
家居生活,收纳用品,https://www.mia.com/s/cat190_tid1081.html
家居生活,出行箱包/伞,https://www.mia.com/s/cat191_tid1082.html
家居生活,个护电器,https://www.mia.com/s/cat192_tid1083.html
家居生活,厨房电器,https://www.mia.com/s/cat193_tid1084.html
家居生活,水具,https://www.mia.com/s/cat254_tid1085.html
家居生活,内衣/家居服/袜,https://www.mia.com/s/cat372_tid1086.html
家居生活,毛巾/浴巾,https://www.mia.com/s/cat375_tid1087.html
